"Reference","Qty","Value","DNP","Exclude from BOM","Exclude from Board","Footprint","Datasheet","LCSC"
"C1,C2,C3,C7,C13,C15,C23,C16,C17","9","4.7uF","","","","Capacitor_SMD:C_0402_1005Metric","~","C23733"
"C4,C5,C6,C8,C9,C10,C11,C12,C14,C20,C21,C22","12","0.1uF","","","","Capacitor_SMD:C_0402_1005Metric","~","C1525"
"C18,C19","2","15pF","","","","Capacitor_SMD:C_0402_1005Metric","~","C1548"
"D1","1","LED_Small","","","","LED_SMD:LED_0402_1005Metric","~","C25503345"
"D2,D3","2","1N5819WS","","","","Diode_SMD:D_SOD-323","","C191023"
"D4","1","XL-1010RGBC-WS2812B","","","","piers retro:XL-1010RGBC-2812B","https://jlcpcb.com/partdetail/XINGLIGHT-XL_1010RGBC2812B/C5349953","C5349953"
"J1","1","MC-118LD-H65","","","","piers retro:USB-C-upright-C6332304-hanbo-MC-118LD-H65","https://jlcpcb.com/api/file/downloadByFileSystemAccessId/8590905213601456128","C6332304"
"L1","1","3.3u","","","","RP2350_60QFN_minimal:L_pol_2016","~","C42411119"
"R1,R3,R7,R8","4","10K","","","","Resistor_SMD:R_0402_1005Metric","~","C25744"
"R2,R5,R6,R13","4","1K","","","","Resistor_SMD:R_0402_1005Metric","~","C11702"
"R4","1","33R","","","","Resistor_SMD:R_0402_1005Metric","~","C25105"
"R9,R10","2","5K1","","","","Resistor_SMD:R_0402_1005Metric","~","C25905"
"R12","1","0R","","","","Resistor_SMD:R_0402_1005Metric","~","C17168"
"U1","1","RP2354B","","","","RP2350B:RP2350-QFN-80-1EP_10x10_P0.4mm_EP3.4x3.4mm_ThermalVias",""," C39843328"
"U3","1","AP2112K-3.3","","","","Package_TO_SOT_SMD:SOT-23-5","","C51118"
"U4","1","USBLC6-2P6","","","","Package_TO_SOT_SMD:SOT-666","https://www.st.com/resource/en/datasheet/usblc6-2.pdf","C15999"
"Y1","1","Crystal_GND24","","","","Crystal:Crystal_SMD_Abracon_ABM8G-4Pin_3.2x2.5mm","~","C20625731"
